Subject,ExpCond,AA1,AB1,AN1,BA1,BB1,BN1,NA1,NB1,NN1,AA2,AB2,AN2,BA2,BB2,BN2,NA2,NB2,NN2,AA3,AB3,AN3,BA3,BB3,BN3,NA3,NB3,NN3
1,1,3,6,3,1,9,2,0,2,6,9,1,2,6,3,3,0,0,8,10,1,1,2,10,0,0,0,8
2,1,5,4,3,3,7,2,1,2,5,9,0,3,4,6,2,0,1,7,9,1,2,3,8,1,0,0,8
3,1,5,4,3,0,9,3,1,1,6,7,1,4,6,4,2,0,1,7,5,2,5,2,4,6,0,0,8
4,1,5,6,1,0,10,2,0,0,8,9,0,3,3,5,4,0,0,8,8,4,0,1,9,2,0,0,8
5,1,9,1,2,2,8,2,0,0,8,3,3,6,3,3,6,0,0,8,11,0,1,5,4,3,0,0,8
6,1,7,1,4,0,9,3,1,0,7,10,1,1,1,7,4,0,1,7,8,0,4,2,10,0,0,0,8
7,1,6,3,3,5,7,0,2,0,6,7,1,4,2,5,5,1,1,6,8,3,1,0,12,0,0,0,8
8,1,7,3,2,0,10,2,0,0,8,6,3,3,1,7,4,0,0,8,9,0,3,1,11,0,0,0,8
9,1,6,2,4,0,8,4,0,0,8,6,1,5,0,4,8,0,0,8,11,1,0,1,7,4,0,0,8
10,1,6,2,4,4,7,1,1,1,6,7,4,1,2,8,2,0,3,5,6,1,5,4,6,2,0,0,8
11,1,8,3,1,3,7,2,1,1,6,7,4,1,5,4,3,1,0,7,8,4,0,1,10,1,0,1,7
12,1,7,4,1,2,8,2,1,0,7,5,2,5,2,6,4,1,1,6,6,4,2,1,10,1,0,0,8
13,1,8,3,1,1,6,5,0,0,8,3,2,7,1,6,5,0,0,8,7,3,2,0,6,6,1,0,7
14,1,3,5,4,5,7,0,0,0,8,4,5,3,5,4,3,2,2,4,6,4,2,3,9,0,0,0,8
15,1,6,5,1,1,8,3,0,0,8,10,1,1,1,11,0,0,1,7,9,2,1,4,6,2,0,0,8
16,1,9,0,3,1,10,1,1,1,6,6,2,4,2,8,2,1,0,7,6,5,1,1,8,3,0,0,8
17,1,7,1,4,1,9,2,0,0,8,9,0,3,2,9,1,0,1,7,8,3,1,1,10,1,0,0,8
18,1,11,0,1,3,8,1,3,1,4,6,5,1,0,11,1,0,4,4,10,1,1,0,12,0,0,0,8
19,1,7,1,4,3,4,5,1,1,6,4,1,7,1,7,4,0,0,8,8,1,3,1,9,2,0,0,8
20,1,8,1,3,4,2,6,1,0,7,5,4,3,1,5,6,1,0,7,8,1,3,3,6,3,0,0,8
21,1,8,2,2,3,7,2,0,0,8,6,3,3,1,10,1,0,2,6,9,1,2,1,11,0,0,0,8
22,1,8,1,3,1,11,0,0,0,8,4,4,4,0,8,4,0,2,6,9,0,3,1,7,4,0,1,7
23,1,10,1,1,2,6,4,0,0,8,3,6,3,0,6,6,0,0,8,10,1,1,2,7,3,0,0,8
24,1,8,1,3,7,2,3,2,0,6,3,6,3,0,11,1,1,1,6,9,2,1,1,11,0,0,0,8
25,2,4,6,2,1,10,1,1,2,5,8,3,1,5,6,1,2,4,2,8,3,1,8,3,1,3,0,5
26,2,4,3,5,0,7,5,0,0,8,5,1,6,1,1,10,1,0,7,5,3,4,3,4,5,0,0,8
27,2,2,6,4,0,7,5,1,3,4,7,1,4,6,1,5,0,1,7,6,0,6,4,4,4,1,0,7
28,2,1,6,5,0,6,6,0,2,6,7,2,3,5,0,7,0,0,8,4,1,7,5,3,4,0,0,8
29,2,3,5,4,5,4,3,0,0,8,1,2,9,2,2,8,3,0,5,2,5,5,3,8,1,1,1,6
30,2,2,3,7,4,3,5,2,0,6,4,4,4,3,3,6,1,1,6,7,3,2,5,4,3,0,1,7
31,2,6,2,4,2,5,5,1,0,7,3,4,5,1,6,5,4,1,3,5,1,6,3,8,1,0,0,8
32,2,3,3,6,4,3,5,1,1,6,2,3,7,2,3,7,1,3,4,4,2,6,5,2,5,4,3,1
33,2,4,2,6,3,2,7,2,2,4,3,8,1,6,5,1,4,1,3,3,4,5,5,5,2,2,1,5
34,2,10,2,0,10,1,1,6,0,2,1,11,0,0,11,1,0,8,0,6,5,1,5,5,2,2,3,3
35,2,6,1,5,4,0,8,1,0,7,0,3,9,0,5,7,0,2,6,4,2,6,1,4,7,1,0,7
36,2,4,2,6,2,4,6,2,0,6,2,3,7,1,5,6,1,0,7,3,7,2,4,3,5,1,0,7
37,2,4,4,4,6,3,3,4,2,2,2,5,5,2,5,5,2,4,2,5,2,5,3,3,6,1,0,7
38,2,5,2,5,6,3,3,2,0,6,1,2,9,2,6,4,0,0,8,7,0,5,5,2,5,0,1,7
39,2,4,5,3,8,2,2,5,0,3,4,2,6,0,3,9,1,2,5,4,7,1,1,2,9,0,1,7
40,2,6,2,4,6,3,3,5,0,3,4,3,5,1,3,8,0,3,5,3,2,7,1,4,7,1,1,6
41,2,12,0,0,12,0,0,7,0,1,0,9,3,5,4,3,2,4,2,4,5,3,5,6,1,2,1,5
42,2,8,0,4,9,0,3,6,0,2,1,9,2,1,8,3,0,6,2,6,4,2,4,4,4,0,0,8
43,2,11,0,1,10,0,2,7,0,1,1,11,0,2,8,2,0,7,1,1,1,10,0,1,11,3,1,4
44,2,7,0,5,2,1,9,1,0,7,3,4,5,2,8,2,0,4,4,5,2,5,1,7,4,2,1,5
45,2,8,0,4,8,0,4,4,0,4,0,10,2,0,10,2,0,5,3,4,1,7,5,1,6,1,0,7
46,2,8,0,4,9,0,3,6,0,2,0,10,2,0,6,6,0,5,3,5,3,4,2,4,6,3,0,5
47,2,9,1,2,4,7,1,3,2,3,1,9,2,2,7,3,1,3,4,6,4,2,5,5,2,3,2,3
48,2,10,0,2,5,1,6,3,0,5,1,8,3,1,8,3,1,3,4,3,1,8,2,2,8,2,1,5
